<?xml version = '1.0'?>
<!DOCTYPE connections>
<connections>
   <connection>
      <JDBC_PORT>1521</JDBC_PORT>
      <ConnectionType>JDBC</ConnectionType>
      <HOSTNAME>localhost</HOSTNAME>
      <DeployPassword>true</DeployPassword>
      <user>cleratsa</user>
      <ConnectionName>orclcleratsa</ConnectionName>
      <SID>orcl</SID>
      <password>oracle</password>
      <JdbcDriver>oracle.jdbc.driver.OracleDriver</JdbcDriver>
      <ORACLE_JDBC_TYPE>thin</ORACLE_JDBC_TYPE>
   </connection>
   <connection>
      <JDBC_PORT>1521</JDBC_PORT>
      <ConnectionType>JDBC</ConnectionType>
      <HOSTNAME>localhost</HOSTNAME>
      <DeployPassword>true</DeployPassword>
      <user>idutil1</user>
      <ConnectionName>orclidutil1</ConnectionName>
      <SID>ORCL</SID>
      <password>oracle</password>
      <JdbcDriver>oracle.jdbc.driver.OracleDriver</JdbcDriver>
      <ORACLE_JDBC_TYPE>thin</ORACLE_JDBC_TYPE>
   </connection>
   <connection>
      <JDBC_PORT>1521</JDBC_PORT>
      <ConnectionType>JDBC</ConnectionType>
      <HOSTNAME>localhost</HOSTNAME>
      <DeployPassword>true</DeployPassword>
      <user>godin</user>
      <ConnectionName>orclgodin</ConnectionName>
      <SID>orcl</SID>
      <password>oracle</password>
      <JdbcDriver>oracle.jdbc.driver.OracleDriver</JdbcDriver>
      <ORACLE_JDBC_TYPE>thin</ORACLE_JDBC_TYPE>
   </connection>
   <connection>
      <JDBC_PORT>1521</JDBC_PORT>
      <ConnectionType>JDBC</ConnectionType>
      <HOSTNAME>localhost</HOSTNAME>
      <DeployPassword>true</DeployPassword>
      <user>clerat</user>
      <ConnectionName>orclclerat</ConnectionName>
      <SID>orcl</SID>
      <password>oracle</password>
      <JdbcDriver>oracle.jdbc.driver.OracleDriver</JdbcDriver>
      <ORACLE_JDBC_TYPE>thin</ORACLE_JDBC_TYPE>
   </connection>
</connections>
