<?xml version = '1.0' encoding = 'windows-1252'?>
<!DOCTYPE orion-application PUBLIC "-//Evermind//DTD J2EE Application runtime 1.2//EN" "http://xmlns.oracle.com/ias/dtds/orion-application.dtd">
<orion-application>
   <ejb-module path="file:/C:/Program Files/JDevelopper9i/jdev/mywork/Workspace1/Project1/classes/"/>
   <web-module id="Workspace1-Project1-webapp" path="C:\Program Files\JDevelopper9i\jdev\mywork\Workspace1\Project1\public_html"/>
   <library path="C:\Program Files\JDevelopper9i\jdev\mywork\Workspace1\Project1\classes"/>
   <library path="C:\Program Files\JDevelopper9i\jdev\lib\jdev-rt.jar"/>
   <library path="C:\Program Files\JDevelopper9i\jdbc\lib\classes12.jar"/>
   <library path="C:\Program Files\JDevelopper9i\jdbc\lib\nls_charset12.jar"/>
   <library path="C:\Program Files\JDevelopper9i\jdk\jre\lib\ext\activation.jar"/>
   <library path="C:\Program Files\JDevelopper9i\jdk\jre\lib\ext\jcert.jar"/>
   <library path="C:\Program Files\JDevelopper9i\jdk\jre\lib\ext\jndi.jar"/>
   <library path="C:\Program Files\JDevelopper9i\jdk\jre\lib\ext\jnet.jar"/>
   <library path="C:\Program Files\JDevelopper9i\jdk\jre\lib\ext\jta.jar"/>
   <library path="C:\Program Files\JDevelopper9i\jdk\jre\lib\ext\mail.jar"/>
   <library path="C:\Program Files\JDevelopper9i\j2ee\home\ejb.jar"/>
   <library path="C:\Program Files\JDevelopper9i\j2ee\home\jaxp.jar"/>
   <library path="C:\Program Files\JDevelopper9i\j2ee\home\jdbc.jar"/>
   <library path="C:\Program Files\JDevelopper9i\j2ee\home\jaas.jar"/>
   <library path="C:\Program Files\JDevelopper9i\j2ee\home\jsse.jar"/>
   <library path="C:\Program Files\JDevelopper9i\ord\jlib\jmf.jar"/>
   <library path="C:\Program Files\JDevelopper9i\jdev\lib\javax_ejb.jar"/>
   <library path="C:\Program Files\JDevelopper9i\lib\aurora_client.jar"/>
   <library path="C:\Program Files\JDevelopper9i\vbroker4\lib\vbjorb.jar"/>
   <library path="C:\Program Files\JDevelopper9i\vbroker4\lib\vbjdev.jar"/>
   <library path="C:\Program Files\JDevelopper9i\vbroker4\lib\vbdev.jar"/>
   <library path="C:\Program Files\JDevelopper9i\javavm\lib\aurora.zip"/>
   <library path="C:\Program Files\JDevelopper9i\sqlj\lib\translator.jar"/>
   <library path="C:\Program Files\JDevelopper9i\sqlj\lib\runtime.jar"/>
   <library path="C:\Program Files\JDevelopper9i\lib\mts.jar"/>
   <library path="C:\Program Files\JDevelopper9i\rdbms\jlib\xsu12.jar"/>
   <library path="C:\Program Files\JDevelopper9i\lib\xmlparserv2.jar"/>
   <library path="C:\Program Files\JDevelopper9i\lib\xmlcomp.jar"/>
   <library path="C:\Program Files\JDevelopper9i\jdev\lib\webserver.jar"/>
   <library path="C:\Program Files\JDevelopper9i\sqlj\lib\runtime12.jar"/>
   <library path="C:\Program Files\JDevelopper9i\j2ee\home\oc4j.jar"/>
   <library path="C:\Program Files\JDevelopper9i\lib\servlet.jar"/>
   <library path="C:\Program Files\JDevelopper9i\j2ee\home\oc4j.jar"/>
   <log>
      <file path="Workspace1-oc4j-app.log"/>
   </log>
   <data-sources path="C:\Program Files\JDevelopper9i\jdev\mywork\Workspace1\Workspace1-data-sources.xml"/>
</orion-application>
