<?xml version="1.0" encoding="UTF-8" standalone='yes'?>
<!DOCTYPE jazn-data PUBLIC "JAZN-XML Data" "http://xmlns.oracle.com/ias/dtds/jazn-data.dtd">
<jazn-data>

<!-- JAZN Realm Data -->
<jazn-realm>
	<realm>
		<name>jazn.com</name>
		<users>
			<user>
				<name>jdevuser</name>
				<credentials>{903}uVVCZMpbj5Et2kX9UU651OaZJb8yXSrU</credentials>
			</user>
		</users>
		<roles>
			<role>
				<name>jdevrole</name>
				<members>
				</members>
			</role>
		</roles>
	</realm>
</jazn-realm>

<!-- JAZN Policy Data -->
<jazn-policy>
</jazn-policy>

<!-- Permission Class Data -->
<jazn-permission-classes>
</jazn-permission-classes>

<!-- Principal Class Data -->
<jazn-principal-classes>
</jazn-principal-classes>

<!-- Login Module Data -->
<jazn-loginconfig>
</jazn-loginconfig>

</jazn-data>
