<?xml version = '1.0' encoding = 'windows-1252'?>
<!DOCTYPE orion-application PUBLIC "-//Evermind//DTD J2EE Application runtime 1.2//EN" "http://xmlns.oracle.com/ias/dtds/orion-application.dtd">
<orion-application>
  <ejb-module path="file:/C:/jdev9i/jdev/mywork/WorkSansAccent/ProjectGererPretSA/classes/"/>
  <web-module id="WorkSansAccnt-ProjectGererPretSA-webapp" path="C:\jdev9i\jdev\mywork\WorkSansAccent\ProjectGererPretSA\public_html"/>
   <library path="C:\oracle\ora92Dev\jdev\mywork\WorkSansAccent\ProjectGererPretSA\classes"/>
   <library path="C:\oracle\ora92Dev\jdev\lib\jdev-rt.jar"/>
   <library path="C:\oracle\ora92Dev\jdbc\lib\classes12.jar"/>
   <library path="C:\oracle\ora92Dev\jdbc\lib\nls_charset12.jar"/>
   <library path="C:\oracle\ora92Dev\jdk\jre\lib\ext\activation.jar"/>
   <library path="C:\oracle\ora92Dev\jdk\jre\lib\ext\jcert.jar"/>
   <library path="C:\oracle\ora92Dev\jdk\jre\lib\ext\jndi.jar"/>
   <library path="C:\oracle\ora92Dev\jdk\jre\lib\ext\jnet.jar"/>
   <library path="C:\oracle\ora92Dev\jdk\jre\lib\ext\jta.jar"/>
   <library path="C:\oracle\ora92Dev\jdk\jre\lib\ext\mail.jar"/>
   <library path="C:\oracle\ora92Dev\j2ee\home\ejb.jar"/>
   <library path="C:\oracle\ora92Dev\j2ee\home\jaxp.jar"/>
   <library path="C:\oracle\ora92Dev\j2ee\home\jdbc.jar"/>
   <library path="C:\oracle\ora92Dev\j2ee\home\jaas.jar"/>
   <library path="C:\oracle\ora92Dev\j2ee\home\jsse.jar"/>
   <library path="C:\oracle\ora92Dev\ord\jlib\jmf.jar"/>
   <library path="C:\oracle\ora92Dev\jdev\lib\javax_ejb.jar"/>
   <library path="C:\oracle\ora92Dev\lib\aurora_client.jar"/>
   <library path="C:\oracle\ora92Dev\vbroker4\lib\vbjorb.jar"/>
   <library path="C:\oracle\ora92Dev\vbroker4\lib\vbjdev.jar"/>
   <library path="C:\oracle\ora92Dev\vbroker4\lib\vbdev.jar"/>
   <library path="C:\oracle\ora92Dev\javavm\lib\aurora.zip"/>
   <library path="C:\oracle\ora92Dev\sqlj\lib\translator.jar"/>
   <library path="C:\oracle\ora92Dev\sqlj\lib\runtime.jar"/>
   <library path="C:\oracle\ora92Dev\lib\mts.jar"/>
   <library path="C:\oracle\ora92Dev\rdbms\jlib\xsu12.jar"/>
   <library path="C:\oracle\ora92Dev\lib\xmlparserv2.jar"/>
   <library path="C:\oracle\ora92Dev\lib\xmlcomp.jar"/>
   <library path="C:\oracle\ora92Dev\jdev\lib\webserver.jar"/>
   <library path="C:\oracle\ora92Dev\sqlj\lib\runtime12.jar"/>
   <library path="C:\oracle\ora92Dev\j2ee\home\oc4j.jar"/>
   <library path="C:\oracle\ora92Dev\lib\servlet.jar"/>
   <library path="C:\oracle\ora92Dev\j2ee\home\oc4j.jar"/>
  <library path="C:\jdev9i\jdev\mywork\WorkSansAccent\ProjectGererPretSA\classes">jdev-generated</library>
  <library path="C:\jdev9i\jdbc\lib\classes12.jar">jdev-generated</library>
  <library path="C:\jdev9i\jdbc\lib\nls_charset12.jar">jdev-generated</library>
  <library path="C:\jdev9i\ord\jlib\jmf.jar">jdev-generated</library>
  <library path="C:\jdev9i\lib\aurora_client.jar">jdev-generated</library>
  <library path="C:\jdev9i\vbroker4\lib\vbjdev.jar">jdev-generated</library>
  <library path="C:\jdev9i\vbroker4\lib\vbdev.jar">jdev-generated</library>
  <library path="C:\jdev9i\javavm\lib\aurora.zip">jdev-generated</library>
  <library path="C:\jdev9i\j2ee\home\lib\translator.jar">jdev-generated</library>
  <library path="C:\jdev9i\sqlj\lib\runtime12.jar">jdev-generated</library>
  <library path="C:\jdev9i\lib\mts.jar">jdev-generated</library>
  <library path="C:\jdev9i\lib\xmlparserv2.jar">jdev-generated</library>
  <library path="C:\jdev9i\lib\xmlcomp.jar">jdev-generated</library>
  <library path="C:\jdev9i\sqlj\lib\runtime12.jar">jdev-generated</library>
  <library path="C:\jdev9i\jdev\system9.0.5.0.0.1375\oc4j-config\.client">jdev-generated</library>
   <log>
    <file path="WorkSansAccent-oc4j-app.log"/>
  </log>
  <jazn provider="XML" location="WorkSansAccent-jazn-data.xml" default-realm="jazn.com"/>
   <data-sources path="WorkSansAccent-data-sources.xml"/>
</orion-application>
