<?xml version = '1.0' encoding = 'windows-1252'?>
<!DOCTYPE orion-application PUBLIC "-//Evermind//DTD J2EE Application runtime 1.2//EN" "http://xmlns.oracle.com/ias/dtds/orion-application.dtd">
<orion-application>
    <ejb-module path="file:/C:/jdevstudio10131/jdev/mywork/WorkSansAccent/ProjectGererPretSA/classes/" id="WorkSansAccent_ProjectGererPretSA_0"/>
    <web-module id="WorkSansAccnt-ProjectGererPretSA-webapp" path="file:/C:/jdevstudio10131/jdev/mywork/WorkSansAccent/ProjectGererPretSA/public_html/"/>
    <library path="C:\jdevstudio10131\jdbc\lib\ojdbc14dms.jar">jdev-generated</library>
    <library path="C:\jdevstudio10131\jdbc\lib\orai18n.jar">jdev-generated</library>
    <library path="C:\jdevstudio10131\jdbc\lib\ocrs12.jar">jdev-generated</library>
    <library path="C:\jdevstudio10131\diagnostics\lib\ojdl.jar">jdev-generated</library>
    <library path="C:\jdevstudio10131\lib\dms.jar">jdev-generated</library>
    <library path="C:\jdevstudio10131\j2ee\home\lib\activation.jar">jdev-generated</library>
    <library path="C:\jdevstudio10131\j2ee\home\lib\ejb.jar">jdev-generated</library>
    <library path="C:\jdevstudio10131\j2ee\home\lib\jms.jar">jdev-generated</library>
    <library path="C:\jdevstudio10131\j2ee\home\lib\jta.jar">jdev-generated</library>
    <library path="C:\jdevstudio10131\j2ee\home\lib\mail.jar">jdev-generated</library>
    <library path="C:\jdevstudio10131\j2ee\home\lib\servlet.jar">jdev-generated</library>
    <library path="C:\jdevstudio10131\ord\jlib\jmf.jar">jdev-generated</library>
    <library path="C:\jdevstudio10131\lib\xsu12.jar">jdev-generated</library>
    <library path="C:\jdevstudio10131\lib\xmlparserv2.jar">jdev-generated</library>
    <library path="C:\jdevstudio10131\lib\xml.jar">jdev-generated</library>
    <library path="C:\jdevstudio10131\sqlj\lib\runtime12.jar">jdev-generated</library>
    <library path="C:\jdevstudio10131\j2ee\home\lib\oc4j-internal.jar">jdev-generated</library>
    <library path="C:\jdevstudio10131\opmn\lib\optic.jar">jdev-generated</library>
    <library path="C:\jdevstudio10131\jdev\system\oracle.j2ee.10.1.3.39.84\embedded-oc4j\.client">jdev-generated</library>
  <log>
        <file path="WorkSansAccent-oc4j-app.log"/>
    </log>
  <jazn provider="XML" location="WorkSansAccent-jazn-data.xml" default-realm="jazn.com"/>
  <data-sources path="WorkSansAccent-data-sources.xml"/>
</orion-application>
