<?xml version = '1.0' encoding = 'windows-1252' standalone = 'yes'?>
<!DOCTYPE jazn-data PUBLIC "JAZN-XML Data" "http://xmlns.oracle.com/ias/dtds/jazn-data.dtd">
<jazn-data>
    <jazn-realm>
        <realm>
            <name>jazn.com</name>
            <users>
                <user>
                    <name>DataBase_User_CVuw0f6a2pGz2CdM_OBRg2fTSY17fpAj</name>
                    <credentials>{903}CVuw0f6a2pGz2CdM/OBRg2fTSY17fpAj</credentials>
                </user>
                <user>
                    <name>DataBase_User_P-2QHqjoH0y5tfjgmvEq4fcUvp8sdfoE</name>
                    <credentials>{903}P+2QHqjoH0y5tfjgmvEq4fcUvp8sdfoE</credentials>
                </user>
                <user>
                    <name>DataBase_User_AsJYqjD5RXlNOgeK5fyB9xsM_yFgIBee</name>
                    <credentials>{903}AsJYqjD5RXlNOgeK5fyB9xsM/yFgIBee</credentials>
                </user>
                <user>
                    <name>DataBase_User_kRTp7ARR1eZsoerUIheXGGnBGVbBPdUm</name>
                    <credentials>{903}kRTp7ARR1eZsoerUIheXGGnBGVbBPdUm</credentials>
                </user>
                <user>
                    <name>DataBase_User_wjseMHBuz8b_M-_F5DlYUfCIVCwWZm5e</name>
                    <credentials>{903}wjseMHBuz8b/M+/F5DlYUfCIVCwWZm5e</credentials>
                </user>
                <user>
                    <name>DataBase_User_zJpSXySI7U-GPSWgucZ5n8leqV_5ShpC</name>
                    <credentials>{903}zJpSXySI7U+GPSWgucZ5n8leqV/5ShpC</credentials>
                </user>
                <user>
                    <name>DataBase_User_skk5SS7u2jJseI_lWdOzXhP9IR8uH0-Y</name>
                    <credentials>{903}skk5SS7u2jJseI/lWdOzXhP9IR8uH0+Y</credentials>
                </user>
                <user>
                    <name>DataBase_User_4AL_saNe2gKC2qUd723JJLv29bSYFlu3</name>
                    <credentials>{903}4AL/saNe2gKC2qUd723JJLv29bSYFlu3</credentials>
                </user>
                <user>
                    <name>DataBase_User_UA6kDXNunycYf705UN-ONExmDbyH7QKQ</name>
                    <credentials>{903}UA6kDXNunycYf705UN+ONExmDbyH7QKQ</credentials>
                </user>
                <user>
                    <name>DataBase_User_xR1bsHQRn2pTo_tQx51wEj0sWTUNV3a1</name>
                    <credentials>{903}xR1bsHQRn2pTo/tQx51wEj0sWTUNV3a1</credentials>
                </user>
                <user>
                    <name>DataBase_User_XeDJ13SPQAbpXWGGNRvjqgH_OGC29WnI</name>
                    <credentials>{903}XeDJ13SPQAbpXWGGNRvjqgH/OGC29WnI</credentials>
                </user>
                <user>
                    <name>DataBase_User_NDFITyQokZ1rwJRBmAoHVRNIAQcTHW1U</name>
                    <credentials>{903}NDFITyQokZ1rwJRBmAoHVRNIAQcTHW1U</credentials>
                </user>
                <user>
                    <name>DataBase_User_QMsta90NeFnIafHLT_FpITW1XxXrWB1f</name>
                    <credentials>{903}QMsta90NeFnIafHLT/FpITW1XxXrWB1f</credentials>
                </user>
                <user>
                    <name>DataBase_User_IDlYS3Me98Gc6_Oekw6LYXKAqCOGbKdM</name>
                    <credentials>{903}IDlYS3Me98Gc6/Oekw6LYXKAqCOGbKdM</credentials>
                </user>
                <user>
                    <name>DataBase_User_Q3LsIsG3H3RjJL2kMWlFCv_5-n2Es54C</name>
                    <credentials>{903}Q3LsIsG3H3RjJL2kMWlFCv/5+n2Es54C</credentials>
                </user>
                <user>
                    <name>DataBase_User_YtffO2DD5oAYlawAl9lK5z0OCl6EYmog</name>
                    <credentials>{903}YtffO2DD5oAYlawAl9lK5z0OCl6EYmog</credentials>
                </user>
                <user>
                    <name>DataBase_User_lzLPvndXTSrooIG_e6WWUZxpg-wndMfy</name>
                    <credentials>{903}lzLPvndXTSrooIG/e6WWUZxpg+wndMfy</credentials>
                </user>
                <user>
                    <name>DataBase_User_U7UFQHcZ-1txhIlHCxJbR70OgFh7DfKG</name>
                    <credentials>{903}U7UFQHcZ+1txhIlHCxJbR70OgFh7DfKG</credentials>
                </user>
            </users>
            <roles/>
        </realm>
    </jazn-realm>
</jazn-data>
