<?xml version = '1.0'?>
<!DOCTYPE connections>
<connections>
   <connection>
      <JDBC_PORT>1521</JDBC_PORT>
      <ConnectionType>JDBC</ConnectionType>
      <HOSTNAME>localhost</HOSTNAME>
      <DeployPassword>true</DeployPassword>
      <user>godin</user>
      <ConnectionName>ora9igodin</ConnectionName>
      <SID>ora9i</SID>
      <JdbcDriver>oracle.jdbc.driver.OracleDriver</JdbcDriver>
      <password>oracle</password>
      <ORACLE_JDBC_TYPE>thin</ORACLE_JDBC_TYPE>
   </connection>
   <connection>
      <JDBC_PORT>1521</JDBC_PORT>
      <ConnectionType>JDBC</ConnectionType>
      <HOSTNAME>localhost</HOSTNAME>
      <DeployPassword>true</DeployPassword>
      <user>clerat</user>
      <ConnectionName>ora9iclerat</ConnectionName>
      <SID>ora9i</SID>
      <password>oracle</password>
      <JdbcDriver>oracle.jdbc.driver.OracleDriver</JdbcDriver>
      <ORACLE_JDBC_TYPE>thin</ORACLE_JDBC_TYPE>
   </connection>
   <connection>
      <JDBC_PORT>1521</JDBC_PORT>
      <ConnectionType>JDBC</ConnectionType>
      <HOSTNAME>localhost</HOSTNAME>
      <DeployPassword>true</DeployPassword>
      <user>cleratsa</user>
      <ConnectionName>ora9icleratsa</ConnectionName>
      <SID>ora9i</SID>
      <password>oracle</password>
      <JdbcDriver>oracle.jdbc.driver.OracleDriver</JdbcDriver>
      <ORACLE_JDBC_TYPE>thin</ORACLE_JDBC_TYPE>
   </connection>
</connections>
