<?xml version = '1.0' encoding = 'windows-1252'?>
<!DOCTYPE orion-application PUBLIC "-//Evermind//DTD J2EE Application runtime 1.2//EN" "http://xmlns.oracle.com/ias/dtds/orion-application.dtd">
<orion-application default-data-source="jdbc/orclcleratsaDS">
    <ejb-module path="file:/C:/myworkJPA/WorkSansAccent/ProjectJPA/classes/" id="WorkSansAccent_ProjectJPA_0"/>
    <ejb-module path="file:/C:/myworkJPA/WorkSansAccent/ProjectExempleJPA/classes/" id="WorkSansAccent_ProjectExempleJPA_1"/>
    <web-module id="WorkSansAccent-ProjectJPA-webapp" path="file:/C:/myworkJPA/WorkSansAccent/ProjectJPA/public_html/"/>
    <library path="C:\jdevstudio10135\j2ee\home\lib\ejb30.jar">jdev-generated</library>
    <library path="C:\jdevstudio10135\toplink\jlib\toplink-essentials.jar">jdev-generated</library>
    <library path="C:\jdevstudio10135\j2ee\home\lib\activation.jar">jdev-generated</library>
    <library path="C:\jdevstudio10135\j2ee\home\lib\ejb.jar">jdev-generated</library>
    <library path="C:\jdevstudio10135\j2ee\home\lib\jms.jar">jdev-generated</library>
    <library path="C:\jdevstudio10135\j2ee\home\lib\jta.jar">jdev-generated</library>
    <library path="C:\jdevstudio10135\j2ee\home\lib\mail.jar">jdev-generated</library>
    <library path="C:\jdevstudio10135\j2ee\home\lib\servlet.jar">jdev-generated</library>
    <library path="C:\jdevstudio10135\jdbc\lib\ojdbc14dms.jar">jdev-generated</library>
    <library path="C:\jdevstudio10135\jdbc\lib\orai18n.jar">jdev-generated</library>
    <library path="C:\jdevstudio10135\jdbc\lib\ocrs12.jar">jdev-generated</library>
    <library path="C:\jdevstudio10135\diagnostics\lib\ojdl.jar">jdev-generated</library>
    <library path="C:\jdevstudio10135\lib\dms.jar">jdev-generated</library>
    <library path="C:\jdevstudio10135\jdev\system\oracle.j2ee.10.1.3.43.6\embedded-oc4j\.client">jdev-generated</library>
    <library path="C:\jdevstudio10135\j2ee\home\lib\oc4j-internal.jar">jdev-generated</library>
    <library path="C:\jdevstudio10135\opmn\lib\optic.jar">jdev-generated</library>
    <library path="C:\jdevstudio10135\toplink\jlib\toplink.jar">jdev-generated</library>
    <library path="C:\jdevstudio10135\toplink\jlib\toplink-oc4j.jar">jdev-generated</library>
    <library path="C:\jdevstudio10135\toplink\jlib\antlr.jar">jdev-generated</library>
  <log>
        <file path="WorkSansAccent-oc4j-app.log"/>
    </log>
  <jazn provider="XML" location="WorkSansAccent-jazn-data.xml" default-realm="jazn.com"/>
  <data-sources path="WorkSansAccent-data-sources.xml"/>
</orion-application>
