<?xml version = '1.0' encoding = 'windows-1252'?>
<!DOCTYPE data-sources PUBLIC "Orion data-sources" "http://xmlns.oracle.com/ias/dtds/data-sources.dtd">
<data-sources>
  <data-source name="jdev-connection-legacy-orclcleratsa" class="com.evermind.sql.DriverManagerDataSource" location="jdbc/orclcleratsaCoreDS" xa-location="jdbc/xa/orclcleratsaXADS" ejb-location="jdbc/orclcleratsaDS" pooled-location="jdbc/orclcleratsaPooledDS" connection-driver="oracle.jdbc.OracleDriver" username="cleratsa" password="->DataBase_User_ixKueKr_YMibBdsn-KeQ9biQfJiHNBNi" url="jdbc:oracle:thin:@localhost:1521:xe" inactivity-timeout="30"/>
  <data-source name="jdev-connection-legacy-orclidutil1" class="com.evermind.sql.DriverManagerDataSource" location="jdbc/orclidutil1CoreDS" xa-location="jdbc/xa/orclidutil1XADS" ejb-location="jdbc/orclidutil1DS" pooled-location="jdbc/orclidutil1PooledDS" connection-driver="oracle.jdbc.driver.OracleDriver" username="idutil1" password="->DataBase_User_P-2QHqjoH0y5tfjgmvEq4fcUvp8sdfoE" url="jdbc:oracle:thin:@localhost:1521:ORCL" inactivity-timeout="30"/>
  <data-source name="jdev-connection-legacy-r11340baclab" class="com.evermind.sql.DriverManagerDataSource" location="jdbc/r11340baclabCoreDS" xa-location="jdbc/xa/r11340baclabXADS" ejb-location="jdbc/r11340baclabDS" pooled-location="jdbc/r11340baclabPooledDS" connection-driver="oracle.jdbc.driver.OracleDriver" username="r11340" password="x1817y" url="jdbc:oracle:thin:@zeta.labunix.uqam.ca:1521:baclab" inactivity-timeout="30"/>
  <data-source name="jdev-connection-legacy-orclgodin" class="com.evermind.sql.DriverManagerDataSource" location="jdbc/orclgodinCoreDS" xa-location="jdbc/xa/orclgodinXADS" ejb-location="jdbc/orclgodinDS" pooled-location="jdbc/orclgodinPooledDS" connection-driver="oracle.jdbc.driver.OracleDriver" username="godin" password="->DataBase_User_AsJYqjD5RXlNOgeK5fyB9xsM_yFgIBee" url="jdbc:oracle:thin:@localhost:1521:orcl" inactivity-timeout="30"/>
  <data-source name="jdev-connection-legacy-orclclerat" class="com.evermind.sql.DriverManagerDataSource" location="jdbc/orclcleratCoreDS" xa-location="jdbc/xa/orclcleratXADS" ejb-location="jdbc/orclcleratDS" pooled-location="jdbc/orclcleratPooledDS" connection-driver="oracle.jdbc.driver.OracleDriver" username="clerat" password="->DataBase_User_kRTp7ARR1eZsoerUIheXGGnBGVbBPdUm" url="jdbc:oracle:thin:@localhost:1521:orcl" inactivity-timeout="30"/>
  <data-source name="jdev-connection-legacy-DBConnection1" class="com.evermind.sql.DriverManagerDataSource" location="jdbc/DBConnection1CoreDS" xa-location="jdbc/xa/DBConnection1XADS" ejb-location="jdbc/DBConnection1DS" pooled-location="jdbc/DBConnection1PooledDS" connection-driver="oracle.jdbc.driver.OracleDriver" username="cleratsa" password="oracle" url="jdbc:oracle:thin:@localhost:1521:ORCL" inactivity-timeout="30"/>
  <data-source name="jdev-connection-legacy-r11340Labunix" class="com.evermind.sql.DriverManagerDataSource" location="jdbc/r11340LabunixCoreDS" xa-location="jdbc/xa/r11340LabunixXADS" ejb-location="jdbc/r11340LabunixDS" pooled-location="jdbc/r11340LabunixPooledDS" connection-driver="oracle.jdbc.driver.OracleDriver" username="r11340" password="x1817y" url="jdbc:oracle:thin:@labunix.uqam.ca:1521:o8db" inactivity-timeout="30"/>
    <connection-pool name="jdev-connection-pool-orclcleratsa">
        <connection-factory factory-class="oracle.jdbc.pool.OracleDataSource" user="cleratsa" password="->DataBase_User_5mhLEBbCw0FCs8midewfFwLQdhvRwBNA" url="jdbc:oracle:thin:@localhost:1521:xe"/>
    </connection-pool>
    <managed-data-source name="jdev-connection-managed-orclcleratsa" jndi-name="jdbc/orclcleratsaDS" connection-pool-name="jdev-connection-pool-orclcleratsa"/>
    <native-data-source name="jdev-connection-native-orclcleratsa" jndi-name="jdbc/orclcleratsaCoreDS" url="jdbc:oracle:thin:@localhost:1521:xe" user="cleratsa" password="->DataBase_User_Kw6L7xcevGyw5GV8p0mdZCqyh_mtTe7W" data-source-class="oracle.jdbc.pool.OracleDataSource"/>
    <connection-pool name="jdev-connection-pool-orclidutil1">
        <connection-factory factory-class="oracle.jdbc.pool.OracleDataSource" user="idutil1" password="->DataBase_User_skk5SS7u2jJseI_lWdOzXhP9IR8uH0-Y" url="jdbc:oracle:thin:@localhost:1521:ORCL"/>
    </connection-pool>
    <managed-data-source name="jdev-connection-managed-orclidutil1" jndi-name="jdbc/orclidutil1DS" connection-pool-name="jdev-connection-pool-orclidutil1"/>
    <native-data-source name="jdev-connection-native-orclidutil1" jndi-name="jdbc/orclidutil1CoreDS" url="jdbc:oracle:thin:@localhost:1521:ORCL" user="idutil1" password="->DataBase_User_4AL_saNe2gKC2qUd723JJLv29bSYFlu3" data-source-class="oracle.jdbc.pool.OracleDataSource"/>
    <connection-pool name="jdev-connection-pool-orclclerat">
        <connection-factory factory-class="oracle.jdbc.pool.OracleDataSource" user="clerat" password="->DataBase_User_UA6kDXNunycYf705UN-ONExmDbyH7QKQ" url="jdbc:oracle:thin:@localhost:1521:orcl"/>
    </connection-pool>
    <managed-data-source name="jdev-connection-managed-orclclerat" jndi-name="jdbc/orclcleratDS" connection-pool-name="jdev-connection-pool-orclclerat"/>
    <native-data-source name="jdev-connection-native-orclclerat" jndi-name="jdbc/orclcleratCoreDS" url="jdbc:oracle:thin:@localhost:1521:orcl" user="clerat" password="->DataBase_User_xR1bsHQRn2pTo_tQx51wEj0sWTUNV3a1" data-source-class="oracle.jdbc.pool.OracleDataSource"/>
    <connection-pool name="jdev-connection-pool-orclgodin">
        <connection-factory factory-class="oracle.jdbc.pool.OracleDataSource" user="godin" password="->DataBase_User_XeDJ13SPQAbpXWGGNRvjqgH_OGC29WnI" url="jdbc:oracle:thin:@localhost:1521:orcl"/>
    </connection-pool>
    <managed-data-source name="jdev-connection-managed-orclgodin" jndi-name="jdbc/orclgodinDS" connection-pool-name="jdev-connection-pool-orclgodin"/>
    <native-data-source name="jdev-connection-native-orclgodin" jndi-name="jdbc/orclgodinCoreDS" url="jdbc:oracle:thin:@localhost:1521:orcl" user="godin" password="->DataBase_User_NDFITyQokZ1rwJRBmAoHVRNIAQcTHW1U" data-source-class="oracle.jdbc.pool.OracleDataSource"/>
    <connection-pool name="jdev-connection-pool-baclabgodin_r">
        <connection-factory factory-class="oracle.jdbc.pool.OracleDataSource" user="godin_r" password="->DataBase_User_QMsta90NeFnIafHLT_FpITW1XxXrWB1f" url="jdbc:oracle:thin:@zeta.labunix.uqam.ca:1521:baclab"/>
    </connection-pool>
    <managed-data-source name="jdev-connection-managed-baclabgodin_r" jndi-name="jdbc/baclabgodin_rDS" connection-pool-name="jdev-connection-pool-baclabgodin_r"/>
    <native-data-source name="jdev-connection-native-baclabgodin_r" jndi-name="jdbc/baclabgodin_rCoreDS" url="jdbc:oracle:thin:@zeta.labunix.uqam.ca:1521:baclab" user="godin_r" password="->DataBase_User_IDlYS3Me98Gc6_Oekw6LYXKAqCOGbKdM" data-source-class="oracle.jdbc.pool.OracleDataSource"/>
    <connection-pool name="jdev-connection-pool-baclabr11340">
        <connection-factory factory-class="oracle.jdbc.pool.OracleDataSource" user="r11340" password="->DataBase_User_Q3LsIsG3H3RjJL2kMWlFCv_5-n2Es54C" url="jdbc:oracle:thin:@zeta.labunix.uqam.ca:1521:baclab"/>
    </connection-pool>
    <managed-data-source name="jdev-connection-managed-baclabr11340" jndi-name="jdbc/baclabr11340DS" connection-pool-name="jdev-connection-pool-baclabr11340"/>
    <native-data-source name="jdev-connection-native-baclabr11340" jndi-name="jdbc/baclabr11340CoreDS" url="jdbc:oracle:thin:@zeta.labunix.uqam.ca:1521:baclab" user="r11340" password="->DataBase_User_YtffO2DD5oAYlawAl9lK5z0OCl6EYmog" data-source-class="oracle.jdbc.pool.OracleDataSource"/>
    <connection-pool name="jdev-connection-pool-DBConnection1">
        <connection-factory factory-class="oracle.jdbc.pool.OracleDataSource" user="godin" password="->DataBase_User_lzLPvndXTSrooIG_e6WWUZxpg-wndMfy" url="jdbc:oracle:thin:@localhost:1521:ORCL"/>
    </connection-pool>
    <managed-data-source name="jdev-connection-managed-DBConnection1" jndi-name="jdbc/DBConnection1DS" connection-pool-name="jdev-connection-pool-DBConnection1"/>
    <native-data-source name="jdev-connection-native-DBConnection1" jndi-name="jdbc/DBConnection1CoreDS" url="jdbc:oracle:thin:@localhost:1521:ORCL" user="godin" password="->DataBase_User_U7UFQHcZ-1txhIlHCxJbR70OgFh7DfKG" data-source-class="oracle.jdbc.pool.OracleDataSource"/>
    <connection-pool name="jdev-connection-pool-idutil1Local">
        <connection-factory factory-class="oracle.jdbc.pool.OracleDataSource" user="idutil1" password="->DataBase_User_t8p0XzlOWnh1Sv3ldrnAZ-spZsixd-Z0" url="jdbc:oracle:thin:@localhost:1521:xe"/>
    </connection-pool>
    <managed-data-source name="jdev-connection-managed-idutil1Local" jndi-name="jdbc/idutil1LocalDS" connection-pool-name="jdev-connection-pool-idutil1Local"/>
    <native-data-source name="jdev-connection-native-idutil1Local" jndi-name="jdbc/idutil1LocalCoreDS" url="jdbc:oracle:thin:@localhost:1521:xe" user="idutil1" password="->DataBase_User_BP0BdXBY2gr_g-82sSqrrOFT5JvN56zY" data-source-class="oracle.jdbc.pool.OracleDataSource"/>
    <connection-pool name="jdev-connection-pool-godinXeLocal">
        <connection-factory factory-class="oracle.jdbc.pool.OracleDataSource" user="godin" password="->DataBase_User_2Q3Gk6vtsL-LX5--pwGy2NIToNVBkkV5" url="jdbc:oracle:thin:@localhost:1521:xe"/>
    </connection-pool>
    <managed-data-source name="jdev-connection-managed-godinXeLocal" jndi-name="jdbc/godinXeLocalDS" connection-pool-name="jdev-connection-pool-godinXeLocal"/>
    <native-data-source name="jdev-connection-native-godinXeLocal" jndi-name="jdbc/godinXeLocalCoreDS" url="jdbc:oracle:thin:@localhost:1521:xe" user="godin" password="->DataBase_User_-VX745ak1iM1qcMCbLqvtFUhrCuL80nm" data-source-class="oracle.jdbc.pool.OracleDataSource"/>
</data-sources>
