<?xml version = '1.0' encoding = 'windows-1252' standalone = 'yes'?>
<!DOCTYPE jazn-data PUBLIC "JAZN-XML Data" "http://xmlns.oracle.com/ias/dtds/jazn-data.dtd">
<jazn-data>
    <jazn-realm>
        <realm>
            <name>jazn.com</name>
            <users>
                <user>
                    <name>DataBase_User_ixKueKr_YMibBdsn-KeQ9biQfJiHNBNi</name>
                    <credentials>{903}ixKueKr/YMibBdsn+KeQ9biQfJiHNBNi</credentials>
                </user>
                <user>
                    <name>DataBase_User_P-2QHqjoH0y5tfjgmvEq4fcUvp8sdfoE</name>
                    <credentials>{903}P+2QHqjoH0y5tfjgmvEq4fcUvp8sdfoE</credentials>
                </user>
                <user>
                    <name>DataBase_User_AsJYqjD5RXlNOgeK5fyB9xsM_yFgIBee</name>
                    <credentials>{903}AsJYqjD5RXlNOgeK5fyB9xsM/yFgIBee</credentials>
                </user>
                <user>
                    <name>DataBase_User_kRTp7ARR1eZsoerUIheXGGnBGVbBPdUm</name>
                    <credentials>{903}kRTp7ARR1eZsoerUIheXGGnBGVbBPdUm</credentials>
                </user>
                <user>
                    <name>DataBase_User_5mhLEBbCw0FCs8midewfFwLQdhvRwBNA</name>
                    <credentials>{903}5mhLEBbCw0FCs8midewfFwLQdhvRwBNA</credentials>
                </user>
                <user>
                    <name>DataBase_User_Kw6L7xcevGyw5GV8p0mdZCqyh_mtTe7W</name>
                    <credentials>{903}Kw6L7xcevGyw5GV8p0mdZCqyh/mtTe7W</credentials>
                </user>
                <user>
                    <name>DataBase_User_skk5SS7u2jJseI_lWdOzXhP9IR8uH0-Y</name>
                    <credentials>{903}skk5SS7u2jJseI/lWdOzXhP9IR8uH0+Y</credentials>
                </user>
                <user>
                    <name>DataBase_User_4AL_saNe2gKC2qUd723JJLv29bSYFlu3</name>
                    <credentials>{903}4AL/saNe2gKC2qUd723JJLv29bSYFlu3</credentials>
                </user>
                <user>
                    <name>DataBase_User_UA6kDXNunycYf705UN-ONExmDbyH7QKQ</name>
                    <credentials>{903}UA6kDXNunycYf705UN+ONExmDbyH7QKQ</credentials>
                </user>
                <user>
                    <name>DataBase_User_xR1bsHQRn2pTo_tQx51wEj0sWTUNV3a1</name>
                    <credentials>{903}xR1bsHQRn2pTo/tQx51wEj0sWTUNV3a1</credentials>
                </user>
                <user>
                    <name>DataBase_User_XeDJ13SPQAbpXWGGNRvjqgH_OGC29WnI</name>
                    <credentials>{903}XeDJ13SPQAbpXWGGNRvjqgH/OGC29WnI</credentials>
                </user>
                <user>
                    <name>DataBase_User_NDFITyQokZ1rwJRBmAoHVRNIAQcTHW1U</name>
                    <credentials>{903}NDFITyQokZ1rwJRBmAoHVRNIAQcTHW1U</credentials>
                </user>
                <user>
                    <name>DataBase_User_QMsta90NeFnIafHLT_FpITW1XxXrWB1f</name>
                    <credentials>{903}QMsta90NeFnIafHLT/FpITW1XxXrWB1f</credentials>
                </user>
                <user>
                    <name>DataBase_User_IDlYS3Me98Gc6_Oekw6LYXKAqCOGbKdM</name>
                    <credentials>{903}IDlYS3Me98Gc6/Oekw6LYXKAqCOGbKdM</credentials>
                </user>
                <user>
                    <name>DataBase_User_Q3LsIsG3H3RjJL2kMWlFCv_5-n2Es54C</name>
                    <credentials>{903}Q3LsIsG3H3RjJL2kMWlFCv/5+n2Es54C</credentials>
                </user>
                <user>
                    <name>DataBase_User_YtffO2DD5oAYlawAl9lK5z0OCl6EYmog</name>
                    <credentials>{903}YtffO2DD5oAYlawAl9lK5z0OCl6EYmog</credentials>
                </user>
                <user>
                    <name>DataBase_User_lzLPvndXTSrooIG_e6WWUZxpg-wndMfy</name>
                    <credentials>{903}lzLPvndXTSrooIG/e6WWUZxpg+wndMfy</credentials>
                </user>
                <user>
                    <name>DataBase_User_U7UFQHcZ-1txhIlHCxJbR70OgFh7DfKG</name>
                    <credentials>{903}U7UFQHcZ+1txhIlHCxJbR70OgFh7DfKG</credentials>
                </user>
                <user>
                    <name>DataBase_User_t8p0XzlOWnh1Sv3ldrnAZ-spZsixd-Z0</name>
                    <credentials>{903}t8p0XzlOWnh1Sv3ldrnAZ+spZsixd+Z0</credentials>
                </user>
                <user>
                    <name>DataBase_User_BP0BdXBY2gr_g-82sSqrrOFT5JvN56zY</name>
                    <credentials>{903}BP0BdXBY2gr/g+82sSqrrOFT5JvN56zY</credentials>
                </user>
                <user>
                    <name>DataBase_User_2Q3Gk6vtsL-LX5--pwGy2NIToNVBkkV5</name>
                    <credentials>{903}2Q3Gk6vtsL+LX5++pwGy2NIToNVBkkV5</credentials>
                </user>
                <user>
                    <name>DataBase_User_-VX745ak1iM1qcMCbLqvtFUhrCuL80nm</name>
                    <credentials>{903}+VX745ak1iM1qcMCbLqvtFUhrCuL80nm</credentials>
                </user>
            </users>
            <roles/>
        </realm>
    </jazn-realm>
</jazn-data>
