INSERT INTO EDITEURS VALUES ('Addison Wesley', 'Reading,MA');
INSERT INTO EDITEURS VALUES ('McGraw-Hill', 'NewYork,NY');
INSERT INTO EDITEURS VALUES ('Prentice Hall', 'U.Sad.Riv.');
INSERT INTO EDITEURS VALUES ('Masson','Paris');
INSERT INTO EDITEURS VALUES ('Eyrolles','Paris');
INSERT INTO EDITEURS VALUES ('Random House', 'NewYork,NY');

SELECT * FROM EDITEURS;

INSERT INTO CATÉGORIES VALUES('10','Sciences',NULL);
INSERT INTO CATÉGORIES VALUES('20','Philosophie',NULL);
INSERT INTO CATÉGORIES VALUES('30','Histoire', NULL);
INSERT INTO CATÉGORIES VALUES('40','Arts', NULL);
INSERT INTO CATÉGORIES VALUES('50','Littérature', NULL) ;
INSERT INTO CATÉGORIES VALUES('101','Informatique','10');
INSERT INTO CATÉGORIES VALUES('102','Mathématiques','10');
INSERT INTO CATÉGORIES VALUES('103','Chimie','10');
INSERT INTO CATÉGORIES VALUES('501','Roman','50') ;
INSERT INTO CATÉGORIES VALUES('502','Poésie','50');

SELECT * FROM CATÉGORIES;

INSERT INTO AUTEURS VALUES(1,'Knuth','Donald') ;
INSERT INTO AUTEURS VALUES(2,'Salton','Gerard') ;
INSERT INTO AUTEURS VALUES(3,'Blaha','Michael') ;
INSERT INTO AUTEURS VALUES(4,'Premerlani','Henry F.') ;
INSERT INTO AUTEURS VALUES(5,'Hofstadter','Douglas,R.');

SELECT * FROM AUTEURS:

INSERT INTO LIVRES VALUES('3-333-3333333', 'The Art of Computer Programming',1973, 'Addison Wesley', '101') ;
INSERT INTO LIVRES VALUES('0-201-12227-8','Automatic Text Processing',1989, 'Addison Wesley', '101') ;
INSERT INTO LIVRES VALUES('0-13-123829-9','Object-Oriented Modeling and Design for DB App.',1998, 'Prentice Hall', '101') ;
INSERT INTO LIVRES VALUES('0-394-74502-7', 'Gödel, Escher, Bach : An Eternal Golden Braid', 1980, 'Random House', '20');

SELECT * FROM LIVRES;

INSERT INTO AUTEURS_LIVRES VALUES(1, '3-333-3333333', 1);
INSERT INTO AUTEURS_LIVRES VALUES(2, '0-201-12227-8', 1);
INSERT INTO AUTEURS_LIVRES VALUES(3, '0-13-123829-9', 1);
INSERT INTO AUTEURS_LIVRES VALUES(4, '0-13-123829-9', 2);
INSERT INTO AUTEURS_LIVRES VALUES(5, '0-394-74502-7', 1);

INSERT INTO EXEMPLAIRES VALUES(1, '10-dec-1975', 'disponible','3-333-3333333');
INSERT INTO EXEMPLAIRES VALUES(2, '10-dec-1975', 'disponible','3-333-3333333');
INSERT INTO EXEMPLAIRES VALUES(3, '15-jan-1990', 'disponible','0-201-12227-8');
INSERT INTO EXEMPLAIRES VALUES(4, '20-mar-1999', 'disponible', '0-13-123829-9');
INSERT INTO EXEMPLAIRES VALUES(5, '22-mar-1999', 'disponible', '0-13-123829-9');
INSERT INTO EXEMPLAIRES VALUES(6, '12-sep-1982', 'disponible', '0-394-74502-7');

INSERT INTO MEMBRE_GÉNÉRAL VALUES(1, 2, 7);
SELECT * FROM MEMBRE_GÉNÉRAL;

INSERT INTO UTILISATEURS VALUES(1,'cocorico','Marshal', 'Amanda', 'membre');
INSERT INTO MEMBRES VALUES(1,'(111)111-1111');

INSERT INTO UTILISATEURS VALUES(2,'cocorico','Degas', 'Edgar', 'membre');
INSERT INTO MEMBRES VALUES(2,'(222)222-2222');

SELECT * FROM UTILISATEURS;

PROMPT Prêt correct
INSERT INTO PRÊTS_EN_COURS VALUES(1,'20-jul-1999',1);
PROMPT cas de retard
INSERT INTO PRÊTS_EN_COURS VALUES(3,'30-jul-1999',1);
PROMPT cas non disponible
INSERT INTO PRÊTS_EN_COURS VALUES(1,'30-jul-1999',2);
DELETE FROM PRÊTS_EN_COURS WHERE ID_EXEMPLAIRE = 1;
SELECT * FROM PRÊTS_EN_COURS;
SELECT * FROM PRÊTS_ARCHIVÉS;
PROMPT defaut pour la date de prêt
INSERT INTO PRÊTS_EN_COURS(ID_EXEMPLAIRE, ID_UTILISATEUR) VALUES(1,1);
INSERT INTO PRÊTS_EN_COURS(ID_EXEMPLAIRE, ID_UTILISATEUR) VALUES(3,1);
PROMPT cas de maximum atteint (2 dans cet essai)
INSERT INTO PRÊTS_EN_COURS(ID_EXEMPLAIRE, ID_UTILISATEUR) VALUES(5,1);
SELECT * FROM PRÊTS_EN_COURS;
ROLLBACK;
