<?xml version="1.0"?>
<!DOCTYPE hibernate-mapping PUBLIC
    "-//Hibernate/Hibernate Mapping DTD//EN"
    "http://hibernate.sourceforge.net/hibernate-mapping-3.0.dtd">

<hibernate-mapping>
    <class
        name="packExempleHib.Livre"
        table="Livre">

        <id name="ISBN" column="ISBN"></id>

	  <property name="titre" >
		<column name="titre" sql-type="VARCHAR(50)"/>
	  </property>
	  <property name="anneeParution" />

	  <many-to-one name="editeur" class="packExempleHib.Editeur" column="nomEditeur" not-null="true"/>
    </class>
</hibernate-mapping>
