<?xml version = '1.0' encoding = 'windows-1252'?>
<!DOCTYPE ejb-jar PUBLIC "-//Sun Microsystems, Inc.//DTD Enterprise JavaBeans 1.1//EN" "http://java.sun.com/j2ee/dtds/ejb-jar_1_1.dtd">
<ejb-jar>
   <enterprise-beans>
      <session>
         <description>Session Bean ( Stateful )</description>
         <display-name>FacadeEnrPretsCMTSessionEJB</display-name>
         <ejb-name>FacadeEnrPretsCMTSessionEJB</ejb-name>
         <home>GererPretSA.FacadeEnrPretsCMTSessionEJBHome</home>
         <remote>GererPretSA.FacadeEnrPretsCMTSessionEJB</remote>
         <ejb-class>GererPretSA.impl.FacadeEnrPretsCMTSessionEJBBean</ejb-class>
         <session-type>Stateful</session-type>
         <transaction-type>Container</transaction-type>
      </session>
      
      <session>
         <description>Session Bean ( Stateless )</description>
         <display-name>FacadeEnrPretSimpleSessionEJB</display-name>
         <ejb-name>FacadeEnrPretSimpleSessionEJB</ejb-name>
         <home>GererPretSA.FacadeEnrPretSimpleSessionEJBHome</home>
         <remote>GererPretSA.FacadeEnrPretSimpleSessionEJB</remote>
         <ejb-class>GererPretSA.impl.FacadeEnrPretSimpleSessionEJBBean</ejb-class>
         <session-type>Stateless</session-type>
         <transaction-type>Bean</transaction-type>
      </session>
      <session>
         <description>Session Bean ( Stateful )</description>
         <display-name>FacadeEnrPretsSessionEJB</display-name>
         <ejb-name>FacadeEnrPretsSessionEJB</ejb-name>
         <home>GererPretSA.FacadeEnrPretsSessionEJBHome</home>
         <remote>GererPretSA.FacadeEnrPretsSessionEJB</remote>
         <ejb-class>GererPretSA.impl.FacadeEnrPretsSessionEJBBean</ejb-class>
         <session-type>Stateful</session-type>
         <transaction-type>Bean</transaction-type>
      </session>
      
      
      
      
      
   </enterprise-beans>
   <assembly-descriptor>
      <container-transaction>
         <method>
            <ejb-name>FacadeEnrPretSimSessionEJBUseEntiteEJB</ejb-name>
            <method-name>insererPretEnCours</method-name>
            <method-params>
               <method-param>java.lang.String</method-param>
               <method-param>java.lang.String</method-param>
            </method-params>
         </method>
         <trans-attribute>RequiresNew</trans-attribute>
      </container-transaction>
   </assembly-descriptor>
</ejb-jar>