<?xml version = '1.0' encoding = 'windows-1252'?>
<!DOCTYPE orion-ejb-jar PUBLIC "-//Evermind//DTD Enterprise JavaBeans 1.1 runtime//EN" "http://xmlns.oracle.com/ias/dtds/orion-ejb-jar.dtd">
<orion-ejb-jar>
   <enterprise-beans>
      <session-deployment name="FacadeEnrPretsCMTSessionEJB"/>
      <session-deployment name="FacadeEnrPretSimpleSessionEJB"/>
      <session-deployment name="FacadeEnrPretsSessionEJB"/>
   </enterprise-beans>
   <assembly-descriptor>
      <default-method-access>
         <security-role-mapping name="&lt;default-ejb-caller-role>" impliesAll="true"/>
      </default-method-access>
   </assembly-descriptor>
</orion-ejb-jar>
