<?xml version='1.0' encoding='utf-8'?> <!DOCTYPE hibernate-configuration
        PUBLIC "-//Hibernate/Hibernate Configuration DTD//EN"
        "http://hibernate.sourceforge.net/hibernate-configuration-3.0.dtd">

<hibernate-configuration>
    <session-factory>

        <property name="hibernate.connection.driver_class">oracle.jdbc.driver.OracleDriver</property>
        <property name="hibernate.connection.url">jdbc:oracle:thin:@localhost:1521:ORCL</property>
        <property name="hibernate.connection.username">godin</property>
        <property name="hibernate.connection.password">oracle</property>

        <property name="dialect">org.hibernate.dialect.Oracle9Dialect</property>

        <property name="hibernate.c3p0.min_size">5</property>
        <property name="hibernate.c3p0.max_size">20</property>
        <property name="hibernate.c3p0.timeout">300</property>
        <property name="hibernate.c3p0.max_statements">50</property>
        <property name="hibernate.c3p0.idle_test_period">3000</property>

        <!-- SQL to stdout logging -->
        <property name="show_sql">true</property>
        <property name="format_sql">true</property>
        <property name="use_sql_comments">true</property>

        <mapping resource="packExempleHib/Editeur.hbm.xml"/>
        <mapping resource="packExempleHib/Livre.hbm.xml"/>

    </session-factory>
</hibernate-configuration>
